{
  "saved_at": "2026-05-24T17:06:57",
  "frame_number": 33,
  "timestamp_ms": 1779613577206.0112,
  "depth_aligned_to_color": true,
  "intrinsics": {
    "width": 640,
    "height": 480,
    "fx": 608.562744140625,
    "fy": 608.57763671875,
    "ppx": 323.968017578125,
    "ppy": 249.82887268066406
  },
  "picked_index": 76552,
  "camera_point_m": [
    -0.010383667424321175,
    -0.10309554636478424,
    0.527999997138977
  ],
  "pixel_uv": [
    312,
    131
  ]
}